Nomestado,Nommunicipio,Volumen,Valor
Aguascalientes,Aguascalientes,245,11405
Aguascalientes,Asientos,43,2003
Aguascalientes,Calvillo,13,585
Aguascalientes,Cosío,22,1015
Aguascalientes,El Llano,82,3820
Aguascalientes,Jesús María,7,339
Aguascalientes,Pabellón de Arteaga,15,710
Aguascalientes,Rincón de Romos,9,397
Aguascalientes,San Francisco de Los Romo,42,1942
Aguascalientes,San José de Gracia,6,265
Aguascalientes,Tepezalá,13,625
Baja California,Ensenada,47,2228
Baja California,Tijuana,0,14
Baja California,Mexicali,52,2522
Baja California Sur,Comondú,11,522
Baja California Sur,Loreto,3,173
Baja California Sur,La Paz,31,1473
Baja California Sur,Los Cabos,165,7847
Campeche,Calakmul,725,25975
Campeche,Campeche,1364,48206
Campeche,Hopelchén,1940,68487
Campeche,Calakmul,158,6148
Campeche,Champotón,2198,78786
Campeche,Escárcega,155,6052
Campeche,Candelaria,132,5017
Campeche,Carmen,91,3427
Campeche,Escárcega,118,4458
Campeche,Palizada,62,2335
Campeche,Calkiní,475,18414
Campeche,Hecelchakán,421,16292
Campeche,Tenabo,388,14973
Chiapas,Chicomuselo,127,4971
Chiapas,Comitán de Domínguez,15,534
Chiapas,Frontera Comalapa,138,5233
Chiapas,La Independencia,85,2986
Chiapas,La Trinitaria,149,5293
Chiapas,Las Margaritas,129,4567
Chiapas,Socoltenango,29,1032
Chiapas,Tzimol,27,962
Chiapas,Amatenango de La Frontera,274,12342
Chiapas,Bella Vista,95,4282
Chiapas,Mazapa de Madero,363,16330
Chiapas,Motozintla,429,19180
Chiapas,Siltepec,115,5168
Chiapas,Chilón,78,3235
Chiapas,Ocosingo,145,6348
Chiapas,Palenque,7,261
Chiapas,Sabanilla,30,1244
Chiapas,Salto de Agua,61,2368
Chiapas,Sitalá,46,1908
Chiapas,Tila,311,12892
Chiapas,Tumbalá,178,7400
Chiapas,Yajalón,53,2169
Chiapas,El Bosque,95,3845
Chiapas,Huitiupán,47,1926
Chiapas,Ixhuatán,1,24
Chiapas,Jitotol,31,1246
Chiapas,Pantepec,1,21
Chiapas,Pueblo Nuevo Solistahuacán,15,604
Chiapas,San Andrés Duraznal,16,638
Chiapas,Simojovel,67,2725
Chiapas,Tapilula,21,819
Chiapas,Altamirano,90,3779
Chiapas,Chalchihuitán,90,3797
Chiapas,Chenalhó,55,2295
Chiapas,Larráinzar,21,843
Chiapas,Las Rosas,60,2442
Chiapas,Oxchuc,20,820
Chiapas,Pantelhó,165,6991
Chiapas,San Juan Cancuc,98,4095
Chiapas,Santiago El Pinar,4,180
Chiapas,Tenejapa,131,5562
Chiapas,Teopisca,10,405
Chiapas,Ocosingo,100,6554
Chiapas,Acacoyagua,7,261
Chiapas,Acapetahua,9,373
Chiapas,Cacahoatán,13,531
Chiapas,Escuintla,18,726
Chiapas,Frontera Hidalgo,14,555
Chiapas,Huehuetán,22,904
Chiapas,Huixtla,25,1018
Chiapas,Mapastepec,16,666
Chiapas,Mazatán,22,894
Chiapas,Suchiate,12,501
Chiapas,Tapachula,96,3939
Chiapas,Tuxtla Chico,24,982
Chiapas,Tuzantán,20,818
Chiapas,Unión Juárez,7,283
Chiapas,Villa Comaltitlán,14,561
Chiapas,Arriaga,7,284
Chiapas,Pijijiapan,22,879
Chiapas,Tonalá,48,1923
Chiapas,Acala,57,2340
Chiapas,Berriozábal,7,294
Chiapas,Chiapa de Corzo,123,5000
Chiapas,Chiapilla,11,460
Chiapas,Chicoasén,2,81
Chiapas,Cintalapa,24,1217
Chiapas,Ixtapa,11,461
Chiapas,Jiquipilas,25,1278
Chiapas,Nicolás Ruíz,66,2725
Chiapas,Ocozocoautla de Espinosa,143,5812
Chiapas,San Fernando,28,1137
Chiapas,Soyaló,11,445
Chiapas,Suchiapa,83,3361
Chiapas,Totolapa,15,626
Chiapas,Tuxtla Gutiérrez,14,573
Chiapas,Venustiano Carranza,106,4459
Chiapas,Angel Albino Corzo,33,1630
Chiapas,La Concordia,58,2852
Chiapas,Montecristo de Guerrero,16,896
Chiapas,Villa Corzo,100,4912
Chiapas,Villaflores,127,6057
Chihuahua,Ojinaga,16,800
Chihuahua,Aldama,15,729
Chihuahua,Chihuahua,19,892
Chihuahua,Santa Isabel,10,478
Chihuahua,Carichí,7,297
Chihuahua,Cusihuiriachi,2,87
Chihuahua,Delicias,76,3528
Chihuahua,Julimes,0,5
Chihuahua,La Cruz,23,1103
Chihuahua,Meoqui,95,4484
Chihuahua,Rosales,106,5025
Chihuahua,Saucillo,25,1199
Chihuahua,Guerrero,9,537
Chihuahua,Allende,7,354
Chihuahua,Hidalgo del Parral,1,75
Chihuahua,Valle de Zaragoza,24,1074
Chihuahua,Jiménez,16,712
Ciudad de México,Álvaro Obregón,4,233
Ciudad de México,Cuajimalpa de Morelos,0,23
Ciudad de México,La Magdalena Contreras,1,33
Ciudad de México,Milpa Alta,32,1637
Ciudad de México,Tláhuac,15,783
Ciudad de México,Tlalpan,7,369
Ciudad de México,Xochimilco,37,1912
Coahuila,Allende,2,114
Coahuila,Escobedo,1,69
Coahuila,Nadadores,2,94
Coahuila,San Buenaventura,22,1119
Coahuila,Francisco I. Madero,3,143
Coahuila,Matamoros,33,1716
Coahuila,San Pedro,13,704
Coahuila,Torreón,89,4439
Coahuila,Viesca,2,110
Coahuila,Progreso,0,9
Coahuila,Sabinas,2,82
Coahuila,San Juan de Sabinas,2,100
Coahuila,Arteaga,10,552
Coahuila,General Cepeda,1,72
Coahuila,Parras,11,635
Coahuila,Saltillo,25,1348
Colima,Colima,71,3375
Colima,Comala,7,373
Colima,Coquimatlán,36,1725
Colima,Cuauhtémoc,117,5346
Colima,Minatitlán,37,1867
Colima,Villa de Álvarez,33,1634
Colima,Armería,42,1893
Colima,Manzanillo,2,89
Colima,Tecomán,126,5813
Durango,Canatlán,117,5945
Durango,Durango,77,4099
Durango,Mezquital,1,62
Durango,Nombre de Dios,98,5742
Durango,Nuevo Ideal,23,1156
Durango,Poanas,17,959
Durango,Súchil,3,161
Durango,Vicente Guerrero,10,605
Durango,Coneto de Comonfort,1,65
Durango,Cuencamé,6,344
Durango,Guadalupe Victoria,6,368
Durango,Pánuco de Coronado,3,156
Durango,Peñón Blanco,21,1090
Durango,San Juan del Río,2,124
Durango,Santa Clara,4,232
Durango,Gómez Palacio,54,2724
Durango,Lerdo,4,240
Durango,Mapimí,14,780
Durango,Rodeo,2,133
Durango,Tlahualilo,1,82
Durango,El Oro,5,257
Durango,Indé,2,121
Durango,San Bernardo,1,45
Guanajuato,Apaseo El Alto,52,2590
Guanajuato,Apaseo El Grande,22,1045
Guanajuato,Celaya,43,2087
Guanajuato,Comonfort,43,2105
Guanajuato,Santa Cruz de Juventino Rosas,6,294
Guanajuato,Tarimoro,23,1129
Guanajuato,Abasolo,8,382
Guanajuato,Cortazar,3,123
Guanajuato,Cuerámaro,9,474
Guanajuato,Huanímaro,3,154
Guanajuato,Irapuato,1,48
Guanajuato,Jaral del Progreso,15,738
Guanajuato,Salamanca,12,544
Guanajuato,Valle de Santiago,12,594
Guanajuato,Villagrán,0,25
Guanajuato,Dolores Hidalgo Cuna de la Independencia Nacional,29,1374
Guanajuato,San Diego de La Unión,6,268
Guanajuato,San Miguel de Allende,51,2401
Guanajuato,Guanajuato,12,627
Guanajuato,León,139,6511
Guanajuato,Manuel Doblado,12,593
Guanajuato,Purísima del Rincón,17,799
Guanajuato,Romita,11,580
Guanajuato,San Francisco del Rincón,51,2408
Guanajuato,Silao de La Victoria,12,610
Guanajuato,Atarjea,1,54
Guanajuato,Doctor Mora,1,23
Guanajuato,San José Iturbide,1,47
Guanajuato,San Luis de La Paz,14,565
Guanajuato,Santa Catarina,0,13
Guanajuato,Tierra Blanca,0,8
Guanajuato,Victoria,0,4
Guanajuato,Xichú,0,5
Guerrero,Arcelia,58,2800
Guerrero,Coyuca de Catalán,4,199
Guerrero,Cutzamala de Pinzón,6,323
Guerrero,Pungarabato,2,112
Guerrero,Tlalchapa,11,563
Guerrero,Tlapehuala,6,303
Guerrero,Zirándaro,8,386
Guerrero,Atoyac de Álvarez,110,4738
Guerrero,Benito Juárez,58,2519
Guerrero,Coahuayutla de José María Izazaga,7,315
Guerrero,Coyuca de Benítez,63,2718
Guerrero,La Unión de Isidoro Montes de Oca,10,458
Guerrero,Petatlán,37,1657
Guerrero,Técpan de Galeana,24,1086
Guerrero,Zihuatanejo de Azueta,48,2148
Guerrero,Ahuacuotzingo,2,131
Guerrero,Chilapa de Álvarez,13,644
Guerrero,Chilpancingo de Los Bravo,42,1835
Guerrero,Eduardo Neri,30,1338
Guerrero,General Heliodoro Castillo,26,1153
Guerrero,José Joaquín de Herrera,3,135
Guerrero,Leonardo Bravo,5,249
Guerrero,Mártir de Cuilapan,7,355
Guerrero,Tixtla de Guerrero,8,366
Guerrero,Zitlala,3,165
Guerrero,Apaxtla,34,1604
Guerrero,Atenango del Río,15,634
Guerrero,Cocula,15,673
Guerrero,Copalillo,4,164
Guerrero,Cuetzala del Progreso,38,1679
Guerrero,General Canuto A. Neri,36,1635
Guerrero,Huitzuco de Los Figueroa,19,821
Guerrero,Pedro Ascencio Alquisiras,70,2938
Guerrero,Teloloapan,37,1625
Guerrero,Acapulco de Juárez,265,11928
Guerrero,Ayutla de Los Libres,180,7759
Guerrero,Azoyú,67,3002
Guerrero,Copala,45,1889
Guerrero,Cuajinicuilapa,53,2341
Guerrero,Cuautepec,77,3414
Guerrero,Florencio Villarreal,14,648
Guerrero,Igualapa,17,738
Guerrero,Juan R. Escudero,10,474
Guerrero,Juchitán,26,1177
Guerrero,Marquelia,44,1905
Guerrero,Ometepec,27,1113
Guerrero,San Luis Acatlán,13,599
Guerrero,San Marcos,64,2870
Guerrero,Tecoanapa,169,7001
Guerrero,Tlacoachistlahuaca,13,587
Guerrero,Xochistlahuaca,25,1038
Guerrero,Cualác,1,43
Guerrero,Huamuxtitlán,3,131
Guerrero,Iliatenco,9,428
Guerrero,Malinaltepec,10,487
Guerrero,Tlacoapa,4,184
Guerrero,Tlalixtaquilla de Maldonado,3,161
Hidalgo,Atlapexco,52,2235
Hidalgo,Huautla,47,1968
Hidalgo,Huazalingo,17,706
Hidalgo,Huejutla de Reyes,232,9867
Hidalgo,Jaltocán,30,1221
Hidalgo,San Felipe Orizatlán,433,19543
Hidalgo,Xochiatipan,166,6974
Hidalgo,Yahualica,21,858
Hidalgo,Chapantongo,2,104
Hidalgo,Chapulhuacán,4,234
Hidalgo,Huichapan,12,691
Hidalgo,Jacala de Ledezma,3,163
Hidalgo,La Misión,2,112
Hidalgo,Nicolás Flores,0,23
Hidalgo,Nopala de Villagrán,3,166
Hidalgo,Pacula,0,29
Hidalgo,Pisaflores,5,287
Hidalgo,Tecozautla,3,167
Hidalgo,Zimapán,4,212
Hidalgo,Ajacuba,6,348
Hidalgo,Alfajayucan,0,21
Hidalgo,Atitalaquia,0,17
Hidalgo,Chilcuautla,3,150
Hidalgo,El Arenal,1,59
Hidalgo,Ixmiquilpan,2,130
Hidalgo,Mixquiahuala de Juárez,3,151
Hidalgo,Progreso de Obregón,1,38
Hidalgo,San Salvador,1,48
Hidalgo,Santiago de Anaya,4,212
Hidalgo,Tasquillo,2,106
Hidalgo,Tepeji del Río de Ocampo,2,136
Hidalgo,Tepetitlán,0,29
Hidalgo,Tetepango,5,304
Hidalgo,Tezontepec de Aldama,5,299
Hidalgo,Tula de Allende,1,30
Hidalgo,Almoloya,2,78
Hidalgo,Apan,2,71
Hidalgo,Atotonilco El Grande,7,330
Hidalgo,Huasca de Ocampo,4,158
Hidalgo,Mineral de La Reforma,3,140
Hidalgo,Mineral del Chico,5,223
Hidalgo,Pachuca de Soto,2,94
Hidalgo,San Agustín Tlaxiaca,4,184
Hidalgo,Tepeapulco,3,133
Hidalgo,Tizayuca,4,179
Hidalgo,Villa de Tezontepec,65,3165
Hidalgo,Zempoala,4,179
Hidalgo,Acaxochitlán,5,241
Hidalgo,Cuautepec de Hinojosa,5,269
Hidalgo,Huehuetla,42,1697
Hidalgo,San Bartolo Tutotepec,13,515
Hidalgo,Santiago Tulantepec de Lugo Guerrero,4,227
Hidalgo,Tenango de Doria,1,67
Hidalgo,Tulancingo de Bravo,18,746
Hidalgo,Calnali,32,1269
Hidalgo,Eloxochitlán,8,349
Hidalgo,Juárez Hidalgo,1,25
Hidalgo,Lolotla,9,374
Hidalgo,Metztitlán,1,44
Hidalgo,Molango de Escamilla,4,188
Hidalgo,San Agustín Metzquititlán,1,49
Hidalgo,Tepehuacán de Guerrero,17,684
Hidalgo,Tianguistengo,1,44
Hidalgo,Tlahuiltepa,12,557
Hidalgo,Tlanchinol,28,1138
Hidalgo,Xochicoatlán,1,62
Hidalgo,Zacualtipán de Ángeles,1,54
Jalisco,Ahualulco de Mercado,167,8339
Jalisco,Amatitán,3,179
Jalisco,Ameca,34,1821
Jalisco,Atenguillo,1,77
Jalisco,Cocula,28,1527
Jalisco,El Arenal,17,909
Jalisco,Etzatlán,28,1459
Jalisco,Guachinango,12,686
Jalisco,Hostotipaquillo,3,188
Jalisco,Magdalena,4,202
Jalisco,Mascota,49,2474
Jalisco,Mixtlán,3,143
Jalisco,San Juanito de Escobedo,15,814
Jalisco,San Marcos,6,387
Jalisco,San Martín Hidalgo,28,1470
Jalisco,San Sebastián del Oeste,4,212
Jalisco,Tala,24,1264
Jalisco,Talpa de Allende,5,291
Jalisco,Tequila,6,369
Jalisco,Teuchitlán,23,1216
Jalisco,Amacueca,64,2865
Jalisco,Atemajac de Brizuela,2,137
Jalisco,Atoyac,59,2625
Jalisco,Chiquilistlán,0,14
Jalisco,Concepción de Buenos Aires,15,778
Jalisco,Gómez Farías,133,6999
Jalisco,Jilotlán de Los Dolores,29,1553
Jalisco,La Manzanilla de la Paz,2,82
Jalisco,Mazamitla,1,57
Jalisco,Pihuamo,67,3374
Jalisco,Quitupan,5,289
Jalisco,San Gabriel,82,4111
Jalisco,Santa María del Oro,13,666
Jalisco,Sayula,61,3170
Jalisco,Tamazula de Gordiano,45,2253
Jalisco,Tapalpa,0,14
Jalisco,Tecalitlán,41,2145
Jalisco,Techaluta de Montenegro,4,170
Jalisco,Teocuitatlán de Corona,28,1272
Jalisco,Tolimán,13,613
Jalisco,Tonila,119,6069
Jalisco,Tuxpan,213,10717
Jalisco,Valle de Juárez,2,82
Jalisco,Zacoalco de Torres,180,8142
Jalisco,Zapotiltic,595,29920
Jalisco,Zapotitlán de Vadillo,17,773
Jalisco,Zapotlán el Grande,237,11878
Jalisco,Bolaños,0,6
Jalisco,Chimaltitán,0,8
Jalisco,Colotlán,2,102
Jalisco,Huejúcar,7,226
Jalisco,Huejuquilla El Alto,11,388
Jalisco,Mezquitic,6,233
Jalisco,San Martín de Bolaños,0,6
Jalisco,Santa María de Los Ángeles,3,100
Jalisco,Totatiche,1,44
Jalisco,Villa Guerrero,1,56
Jalisco,Atengo,7,383
Jalisco,Autlán de Navarro,5,257
Jalisco,El Grullo,2,95
Jalisco,El Limón,1,34
Jalisco,Juchitlán,21,1106
Jalisco,Tecolotlán,35,1974
Jalisco,Tenamaxtlán,12,654
Jalisco,Tonaya,46,2426
Jalisco,Atotonilco El Alto,91,4278
Jalisco,Chapala,8,350
Jalisco,Ixtlahuacán de Los Membrillos,7,329
Jalisco,Jamay,1045,47145
Jalisco,Jocotepec,18,862
Jalisco,Juanacatlán,32,1428
Jalisco,Ocotlán,75,3404
Jalisco,Poncitlán,21,1000
Jalisco,Tizapán El Alto,6,262
Jalisco,Tototlán,68,2746
Jalisco,Tuxcueca,6,238
Jalisco,Zapotlán del Rey,26,1274
Jalisco,Acatic,4,232
Jalisco,Arandas,7,427
Jalisco,Cañadas de Obregón,4,135
Jalisco,Encarnación de Díaz,347,12958
Jalisco,Jalostotitlán,65,3224
Jalisco,Jesús María,3,208
Jalisco,Lagos de Moreno,330,15097
Jalisco,Mexticacán,9,496
Jalisco,Ojuelos de Jalisco,193,9186
Jalisco,San Juan de Los Lagos,74,3352
Jalisco,Teocaltiche,9,343
Jalisco,Tepatitlán de Morelos,34,1675
Jalisco,Valle de Guadalupe,3,154
Jalisco,Villa Hidalgo,14,655
Jalisco,Yahualica de González Gallo,22,1229
Jalisco,Cabo Corrientes,1,62
Jalisco,Casimiro Castillo,2,135
Jalisco,Cuautitlán de García Barragán,1,27
Jalisco,La Huerta,1,55
Jalisco,Puerto Vallarta,1,58
Jalisco,Villa Purificación,1,61
Jalisco,Acatlán de Juárez,16,755
Jalisco,Cuquío,125,5950
Jalisco,El Salto,14,932
Jalisco,Ixtlahuacán del Río,107,5067
Jalisco,San Cristóbal de La Barranca,26,1230
Jalisco,San Pedro Tlaquepaque,17,812
Jalisco,Tlajomulco de Zúñiga,18,856
Jalisco,Tonalá,38,1843
Jalisco,Villa Corona,17,831
Jalisco,Zapopan,85,3997
Jalisco,Zapotlanejo,33,1808
México,Acambay de Ruíz Castañeda,2,95
México,Atlacomulco,3,157
México,El Oro,0,23
México,Ixtlahuaca,2,93
México,Jiquipilco,1,51
México,Jocotitlán,4,223
México,Morelos,1,34
México,San Felipe del Progreso,1,53
México,San José del Rincón,2,98
México,Temascalcingo,2,111
México,Almoloya de Alquisiras,11,622
México,Coatepec Harinas,14,774
México,Ixtapan de La Sal,34,1745
México,Malinalco,16,866
México,Ocuilan,29,1514
México,Sultepec,17,893
México,Tenancingo,51,2737
México,Texcaltitlán,1,61
México,Tonatico,94,4747
México,Villa Guerrero,9,479
México,Zacualpan,14,760
México,Zumpahuacán,3,155
México,Aculco,0,18
México,Chapa de Mota,5,288
México,Jilotepec,4,228
México,Polotitlán,0,7
México,Soyaniquilpan de Juárez,1,39
México,Timilpan,0,11
México,Villa del Carbón,2,103
México,Amatepec,90,4518
México,Luvianos,65,3270
México,San Simón de Guerrero,14,723
México,Tejupilco,39,1959
México,Temascaltepec,35,1765
México,Tlatlaya,37,1835
México,Amecameca,15,751
México,Atenco,7,365
México,Atlautla,34,1742
México,Chalco,37,1868
México,Cocotitlán,6,326
México,Ecatzingo,14,706
México,Juchitepec,17,875
México,Ozumba,28,1423
México,Temamatla,4,197
México,Tenango del Aire,1,68
México,Tepetlixpa,40,2016
México,Tlalmanalco,3,158
México,Almoloya de Juárez,1,30
México,Almoloya del Río,0,17
México,Atizapán,0,16
México,Calimaya,3,118
México,Capulhuac,1,41
México,Chapultepec,8,377
México,Joquicingo,1,44
México,Lerma,11,488
México,Metepec,8,374
México,Mexicaltzingo,3,123
México,Otzolotepec,8,377
México,Rayón,1,32
México,Tenango del Valle,1,67
México,Texcalyacac,1,28
México,Tianguistenco,1,48
México,Toluca,13,593
México,Xalatlaco,0,22
México,Xonacatlán,1,47
México,Amanalco,14,734
México,Donato Guerra,12,635
México,Ixtapan del Oro,20,1090
México,Otzoloapan,12,626
México,Santo Tomás,17,915
México,Valle de Bravo,10,522
México,Villa de Allende,6,339
México,Villa Victoria,4,221
México,Zacazonapan,18,990
Michoacán,Aguililla,3,168
Michoacán,Coalcomán de Vázquez Pallares,6,427
Michoacán,Apatzingán,20,1036
Michoacán,Buenavista,133,6831
Michoacán,Múgica,196,10101
Michoacán,Parácuaro,9,489
Michoacán,Aquila,67,3612
Michoacán,Chinicuila,66,3536
Michoacán,Coahuayana,11,612
Michoacán,Churumuco,2,128
Michoacán,La Huacana,17,1043
Michoacán,Tumbiscatío,8,508
Michoacán,Carácuaro,1,72
Michoacán,Huetamo,1,33
Michoacán,Nocupétaro,2,79
Michoacán,San Lucas,1,45
Michoacán,Tiquicheo de Nicolás Romero,2,80
Michoacán,Angamacutiro,7,414
Michoacán,Churintzio,7,306
Michoacán,Coeneo,18,1130
Michoacán,Huaniqueo,4,231
Michoacán,Jiménez,5,312
Michoacán,José Sixto Verduzco,7,432
Michoacán,La Piedad,11,495
Michoacán,Morelos,7,408
Michoacán,Numarán,2,75
Michoacán,Panindícuaro,2,132
Michoacán,Penjamillo,3,112
Michoacán,Puruándiro,11,649
Michoacán,Tanhuato,2,122
Michoacán,Vista Hermosa,7,346
Michoacán,Yurécuaro,7,329
Michoacán,Zacapu,25,1458
Michoacán,Zináparo,4,154
Michoacán,Arteaga,11,668
Michoacán,Lázaro Cárdenas,24,1455
Michoacán,Ario,39,2102
Michoacán,Erongarícuaro,38,1980
Michoacán,Huiramba,18,943
Michoacán,Lagunillas,26,1336
Michoacán,Pátzcuaro,23,1204
Michoacán,Quiroga,12,665
Michoacán,Salvador Escalante,17,903
Michoacán,Turicato,25,1400
Michoacán,Tzintzuntzan,9,488
Michoacán,Briseñas,8,370
Michoacán,Cojumatlán de Régules,13,626
Michoacán,Jiquilpan,3,140
Michoacán,Pajacuarán,28,1260
Michoacán,Sahuayo,125,5860
Michoacán,Venustiano Carranza,61,2684
Michoacán,Villamar,13,557
Michoacán,Vista Hermosa,30,1537
Michoacán,Charapan,6,365
Michoacán,Cherán,7,453
Michoacán,Nahuatzen,6,367
Michoacán,Nuevo Parangaricutiro,6,410
Michoacán,Paracho,7,461
Michoacán,Tancítaro,6,368
Michoacán,Taretan,4,230
Michoacán,Tingambato,2,100
Michoacán,Uruapan,7,474
Michoacán,Ziracuaretiro,2,149
Michoacán,Chavinda,16,889
Michoacán,Chilchota,44,2436
Michoacán,Cotija,6,330
Michoacán,Ecuandureo,10,587
Michoacán,Ixtlán,20,1140
Michoacán,Jacona,21,1200
Michoacán,Los Reyes,13,756
Michoacán,Peribán,11,627
Michoacán,Purépero,42,2339
Michoacán,Tangamandapio,11,628
Michoacán,Tangancícuaro,9,498
Michoacán,Tingüindín,27,1506
Michoacán,Tlazazalca,9,504
Michoacán,Tocumbo,13,732
Michoacán,Zamora,80,4494
Michoacán,Angangueo,4,208
Michoacán,Aporo,3,127
Michoacán,Contepec,24,1208
Michoacán,Epitacio Huerta,20,1034
Michoacán,Hidalgo,52,2441
Michoacán,Irimbo,3,158
Michoacán,Juárez,6,271
Michoacán,Jungapeo,17,829
Michoacán,Maravatío,23,1152
Michoacán,Ocampo,9,417
Michoacán,Senguio,8,365
Michoacán,Susupuato,9,417
Michoacán,Tlalpujahua,10,502
Michoacán,Tuxpan,7,326
Michoacán,Zitácuaro,38,1841
Morelos,Amacuzac,7,411
Morelos,Atlatlahucan,2,127
Morelos,Axochiapan,9,513
Morelos,Ayala,21,1126
Morelos,Coatlán del Río,2,105
Morelos,Cuautla,20,1040
Morelos,Cuernavaca,56,2990
Morelos,Emiliano Zapata,2,95
Morelos,Huitzilac,7,368
Morelos,Jantetelco,11,570
Morelos,Jiutepec,45,2361
Morelos,Jojutla,5,242
Morelos,Jonacatepec,46,2278
Morelos,Mazatepec,17,827
Morelos,Miacatlán,47,2302
Morelos,Ocuituco,662,33264
Morelos,Puente de Ixtla,46,2412
Morelos,Temixco,21,1024
Morelos,Temoac,26,1349
Morelos,Tepalcingo,28,1400
Morelos,Tepoztlán,32,1947
Morelos,Tetecala,16,798
Morelos,Tetela del Volcán,22,1153
Morelos,Tlalnepantla,50,3028
Morelos,Tlaltizapán de Zapata,7,376
Morelos,Tlaquiltenango,25,1312
Morelos,Tlayacapan,17,944
Morelos,Totolapan,13,724
Morelos,Xochitepec,44,2173
Morelos,Yautepec,34,1924
Morelos,Yecapixtla,547,27939
Morelos,Zacatepec,5,250
Morelos,Zacualpan,55,2802
Nayarit,Ahuacatlán,53,2237
Nayarit,Amatlán de Cañas,5,202
Nayarit,Ixtlán del Río,16,768
Nayarit,Jala,19,924
Nayarit,La Yesca,2,90
Nayarit,Santa María del Oro,21,1044
Nayarit,Bahía de Banderas,1,36
Nayarit,Compostela,13,523
Nayarit,San Pedro Lagunillas,4,165
Nayarit,Rosamorada,5,221
Nayarit,Ruíz,6,253
Nayarit,Santiago Ixcuintla,20,694
Nayarit,Del Nayar,2,78
Nayarit,San Blas,27,1115
Nayarit,Tepic,172,7003
Nayarit,Xalisco,70,2808
Nuevo León,Anáhuac,8,409
Nuevo León,Allende,22,1066
Nuevo León,Cadereyta Jiménez,57,2716
Nuevo León,General Terán,33,1568
Nuevo León,Hualahuises,22,1122
Nuevo León,Linares,29,1379
Nuevo León,Montemorelos,26,1264
Nuevo León,Santiago,18,925
Oaxaca,Chiquihuitlán de Benito Juárez,0,22
Oaxaca,Cuyamecalco Villa de Zaragoza,1,34
Oaxaca,Eloxochitlán de Flores Magón,36,1768
Oaxaca,Huautla de Jiménez,10,500
Oaxaca,San Andrés Teotilálpam,1,48
Oaxaca,San Jerónimo Tecóatl,29,1447
Oaxaca,San Juan Bautista Cuicatlán,1,65
Oaxaca,San Juan de Los Cués,3,158
Oaxaca,San Juan Tepeuxila,2,108
Oaxaca,San Martín Toxpalan,2,75
Oaxaca,San Mateo Yoloxochitlán,9,419
Oaxaca,San Pedro Ocopetatillo,28,1397
Oaxaca,San Pedro Sochiápam,2,93
Oaxaca,San Pedro Teutila,1,47
Oaxaca,Santa Cruz Acatepec,10,459
Oaxaca,Santa María Tecomavaca,0,13
Oaxaca,Santa María Teopoxco,1,43
Oaxaca,Santa María Tlalixtac,1,27
Oaxaca,Santiago Nacaltepec,4,195
Oaxaca,Santiago Texcalcingo,1,57
Oaxaca,Teotitlán de Flores Magón,3,155
Oaxaca,Candelaria Loxicha,83,3965
Oaxaca,Pinotepa de Don Luis,23,1039
Oaxaca,Pluma Hidalgo,10,489
Oaxaca,San Agustín Chayuco,20,879
Oaxaca,San Agustín Loxicha,5,219
Oaxaca,San Andrés Huaxpaltepec,99,4388
Oaxaca,San Antonio Tepetlapa,8,369
Oaxaca,San Baltazar Loxicha,5,232
Oaxaca,San Bartolomé Loxicha,0,2
Oaxaca,San Gabriel Mixtepec,360,17439
Oaxaca,San José Estancia Grande,48,2158
Oaxaca,San Juan Cacahuatepec,107,4770
Oaxaca,San Juan Colorado,3,154
Oaxaca,San Juan Lachao,33,1639
Oaxaca,San Juan Quiahije,8,370
Oaxaca,San Lorenzo,26,1169
Oaxaca,San Mateo Piñas,4,182
Oaxaca,San Miguel del Puerto,6,293
Oaxaca,San Miguel Panixtlahuaca,1,58
Oaxaca,San Pedro El Alto,4,178
Oaxaca,San Pedro Jicayán,38,1686
Oaxaca,San Pedro Mixtepec,34,1571
Oaxaca,San Pedro Pochutla,122,5969
Oaxaca,Santa Catarina Juquila,49,2384
Oaxaca,Santa Catarina Loxicha,22,1093
Oaxaca,Santa Catarina Mechoacán,122,5482
Oaxaca,Santa María Colotepec,27,1236
Oaxaca,Santa María Huatulco,24,1166
Oaxaca,Santa María Huazolotitlán,139,6129
Oaxaca,Santa María Temaxcaltepec,2,103
Oaxaca,Santa María Tonameca,5,218
Oaxaca,Santiago Ixtayutla,9,407
Oaxaca,Santiago Jamiltepec,105,4652
Oaxaca,Santiago Pinotepa Nacional,264,11603
Oaxaca,Santo Domingo de Morelos,7,333
Oaxaca,Santos Reyes Nopala,117,5739
Oaxaca,Tataltepec de Valdés,3,159
Oaxaca,Villa de Tututepec de Melchor Ocampo,51,2336
Oaxaca,Asunción Cuyotepeji,1,62
Oaxaca,Asunción Nochixtlán,0,27
Oaxaca,Concepción Buenavista,0,23
Oaxaca,Constancia del Rosario,40,1918
Oaxaca,"H. V. Tezoatlán de Segura y Luna, C. de la I.de O.",1,75
Oaxaca,Heroica Ciudad de Huajuapan de León,5,348
Oaxaca,Heroica Ciudad de Tlaxiaco,3,163
Oaxaca,La Reforma,18,883
Oaxaca,La Trinidad Vista Hermosa,1,53
Oaxaca,Magdalena Zahuatlán,0,11
Oaxaca,Mesones Hidalgo,29,1404
Oaxaca,Putla Villa de Guerrero,413,19805
Oaxaca,San Agustín Atenango,0,25
Oaxaca,San Antonino Monte Verde,0,34
Oaxaca,San Antonio Acutla,1,69
Oaxaca,San Cristóbal Suchixtlahuaca,0,23
Oaxaca,San Francisco Jaltepetongo,0,11
Oaxaca,San Francisco Nuxaño,0,20
Oaxaca,San Juan Bautista Coixtlahuaca,1,103
Oaxaca,San Juan Mixtepec,3,141
Oaxaca,San Juan Sayultepec,0,11
Oaxaca,San Juan Tamazola,0,5
Oaxaca,San Lorenzo Victoria,1,37
Oaxaca,San Martín Zacatepec,1,38
Oaxaca,San Miguel Achiutla,2,81
Oaxaca,San Miguel Chicahua,0,7
Oaxaca,San Miguel Tlacotepec,1,75
Oaxaca,San Pedro Amuzgos,3,165
Oaxaca,San Pedro Coxcaltepec Cántaros,1,102
Oaxaca,San Pedro Tidaá,1,45
Oaxaca,San Pedro Topiltepec,2,126
Oaxaca,San Pedro Y San Pablo Teposcolula,4,308
Oaxaca,San Pedro Y San Pablo Tequixtepec,1,62
Oaxaca,San Sebastián Nicananduta,1,69
Oaxaca,Santa Catarina Tayata,3,127
Oaxaca,Santa Cruz Itundujia,69,3244
Oaxaca,Santa Magdalena Jicotlán,0,23
Oaxaca,Santa María Camotlán,0,13
Oaxaca,Santa María Ipalapa,45,2144
Oaxaca,Santa María Yucuhiti,105,4884
Oaxaca,Santa María Zacatepec,52,2421
Oaxaca,Santiago del Río,5,349
Oaxaca,Santiago Huajolotitlán,0,13
Oaxaca,Santiago Ihuitlán Plumas,1,103
Oaxaca,Santiago Nejapilla,2,160
Oaxaca,Santiago Nuyoó,14,664
Oaxaca,Santiago Tilantongo,1,68
Oaxaca,Santiago Tillo,1,45
Oaxaca,Santo Domingo Nuxaá,0,9
Oaxaca,Santo Domingo Tonalá,0,25
Oaxaca,Santo Domingo Yanhuitlán,0,23
Oaxaca,Teotongo,2,149
Oaxaca,Tepelmeme Villa de Morelos,1,57
Oaxaca,Tlacotepec Plumas,1,46
Oaxaca,Villa de Tamazulápam del Progreso,5,344
Oaxaca,Villa Tejúpam de La Unión,1,46
Oaxaca,Asunción Ixtaltepec,0,6
Oaxaca,Chahuites,100,5981
Oaxaca,El Barrio de la Soledad,55,2492
Oaxaca,Matías Romero Avendaño,79,3498
Oaxaca,Reforma de Pineda,1,84
Oaxaca,San Juan Guichicovi,1,40
Oaxaca,San Juan Mazatlán,23,1027
Oaxaca,San Pedro Tapanatepec,69,4142
Oaxaca,Santa María Petapa,31,1396
Oaxaca,Santiago Niltepec,1,42
Oaxaca,Santo Domingo Petapa,0,7
Oaxaca,Santo Domingo Zanatepec,1,73
Oaxaca,Abejones,1,28
Oaxaca,Asunción Cacalotepec,1,42
Oaxaca,Capulálpam de Méndez,2,69
Oaxaca,Ixtlán de Juárez,12,446
Oaxaca,San Andrés Solaga,1,24
Oaxaca,San Juan Atepec,1,35
Oaxaca,San Juan Chicomezúchil,1,21
Oaxaca,San Juan Juquila Mixes,9,328
Oaxaca,San Lucas Camotlán,0,18
Oaxaca,San Miguel Quetzaltepec,0,18
Oaxaca,San Pedro Ocotepec,1,35
Oaxaca,San Pedro Y San Pablo Ayutla,3,107
Oaxaca,San Pedro Yólox,4,138
Oaxaca,Santa Catarina Ixtepeji,1,39
Oaxaca,Santa Catarina Lachatao,2,69
Oaxaca,Santa María Alotepec,1,52
Oaxaca,Santa María Jaltianguis,1,20
Oaxaca,Santa María Tepantlali,2,71
Oaxaca,Santa María Tlahuitoltepec,3,117
Oaxaca,Santa María Yavesía,4,131
Oaxaca,Santiago Atitlán,5,199
Oaxaca,Santiago Camotlán,1,24
Oaxaca,Santiago Laxopa,0,5
Oaxaca,Tamazulápam del Espíritu Santo,4,146
Oaxaca,Totontepec Villa de Morelos,3,129
Oaxaca,Villa Hidalgo,1,48
Oaxaca,Villa Talea de Castro,46,1712
Oaxaca,Acatlán de Pérez Figueroa,43,1803
Oaxaca,Ayotzintepec,14,512
Oaxaca,Loma Bonita,4,140
Oaxaca,San Felipe Jalapa de Díaz,9,391
Oaxaca,San Felipe Usila,32,1371
Oaxaca,San José Chiltepec,42,1661
Oaxaca,San Juan Bautista Tuxtepec,98,3756
Oaxaca,San Juan Bautista Valle Nacional,25,971
Oaxaca,San Juan Cotzocón,18,747
Oaxaca,San Juan Lalana,19,675
Oaxaca,San Juan Petlapa,1,37
Oaxaca,San Lucas Ojitlán,7,312
Oaxaca,San Miguel Soyaltepec,22,907
Oaxaca,San Pedro Ixcatlán,8,331
Oaxaca,Santa María Jacatepec,9,347
Oaxaca,Santiago Choápam,1,49
Oaxaca,Santiago Jocotepec,16,568
Oaxaca,Santiago Yaveo,12,507
Oaxaca,Miahuatlán de Porfirio Díaz,9,360
Oaxaca,Ocotlán de Morelos,26,985
Oaxaca,Reyes Etla,4,133
Oaxaca,San Andrés Ixtlahuaca,1,43
Oaxaca,San Andrés Zabache,2,75
Oaxaca,San Bartolo Coyotepec,6,224
Oaxaca,San Dionisio Ocotepec,5,206
Oaxaca,San Francisco Cahuacuá,1,44
Oaxaca,San Francisco Ozolotepec,41,1746
Oaxaca,San Francisco Sola,0,17
Oaxaca,San Jerónimo Coatlán,7,313
Oaxaca,San Jerónimo Sosola,4,134
Oaxaca,San José del Peñasco,3,117
Oaxaca,San Juan Bautista Jayacatlán,3,125
Oaxaca,San Juan del Río,0,11
Oaxaca,San Juan Guelavía,3,101
Oaxaca,San Juan Ozolotepec,195,8485
Oaxaca,San Lorenzo Albarradas,3,100
Oaxaca,San Lorenzo Texmelúcan,0,11
Oaxaca,San Lucas Quiaviní,1,20
Oaxaca,San Mateo Río Hondo,9,370
Oaxaca,San Mateo Yucutindoo,0,8
Oaxaca,San Pablo Huitzo,3,97
Oaxaca,San Pablo Huixtepec,3,122
Oaxaca,San Sebastián Coatlán,76,3163
Oaxaca,San Simón Almolongas,2,71
Oaxaca,Santa Ana del Valle,2,81
Oaxaca,Santa Cruz Xoxocotlán,4,147
Oaxaca,Santa Cruz Zenzontepec,1,28
Oaxaca,Santa Inés del Monte,1,40
Oaxaca,Santa María Atzompa,3,95
Oaxaca,Santa María Ozolotepec,21,861
Oaxaca,Santa María Zaniza,3,102
Oaxaca,Santiago Amoltepec,0,8
Oaxaca,Santiago Apóstol,5,181
Oaxaca,Santiago Matatlán,0,17
Oaxaca,Santiago Tenango,2,69
Oaxaca,Santiago Textitlán,2,65
Oaxaca,Santiago Tlazoyaltepec,2,88
Oaxaca,Santiago Xanica,66,2860
Oaxaca,Santo Domingo Ozolotepec,4,184
Oaxaca,Santo Domingo Teojomulco,1,32
Oaxaca,Santo Tomás Tamazulapan,8,301
Oaxaca,Tlacolula de Matamoros,6,241
Oaxaca,Villa de Etla,1,50
Oaxaca,Villa Díaz Ordaz,1,21
Oaxaca,Villa Sola de Vega,1,33
Oaxaca,Zimatlán de Álvarez,7,276
Puebla,Acajete,26,1075
Puebla,Amozoc,19,791
Puebla,Atlixco,126,4956
Puebla,Calpan,23,1031
Puebla,Coronango,1,37
Puebla,Cuautinchán,9,369
Puebla,Cuautlancingo,2,114
Puebla,Huaquechula,42,1684
Puebla,Huejotzingo,35,1600
Puebla,Juan C. Bonilla,20,900
Puebla,Nealtican,8,354
Puebla,Ocoyucan,26,1085
Puebla,Puebla,72,3023
Puebla,San Andrés Cholula,8,357
Puebla,San Gregorio Atzompa,37,1584
Puebla,San Martín Texmelucan,7,293
Puebla,San Nicolás de Los Ranchos,1,59
Puebla,San Pedro Cholula,14,657
Puebla,Santa Isabel Cholula,5,197
Puebla,Tecali de Herrera,27,1137
Puebla,Tepatlaxco de Hidalgo,16,689
Puebla,Tepeaca,42,1771
Puebla,Tianguismanalco,19,790
Puebla,Tlahuapan,0,18
Puebla,Tochimilco,24,961
Puebla,Tzicatlacoyan,17,712
Puebla,Chiconcuautla,0,14
Puebla,Francisco Z. Mena,40,1840
Puebla,Hermenegildo Galeana,3,152
Puebla,Huauchinango,51,2317
Puebla,Jalpan,10,476
Puebla,Juan Galindo,6,300
Puebla,Pahuatlán,41,1869
Puebla,Pantepec,52,2355
Puebla,Tlacuilotepec,13,589
Puebla,Tlapacoya,1,51
Puebla,Tlaxco,8,363
Puebla,Venustiano Carranza,3,134
Puebla,Xicotepec,33,1538
Puebla,Zihuateutla,10,448
Puebla,Acteopan,7,320
Puebla,Ahuatlán,0,4
Puebla,Albino Zertuche,1,19
Puebla,Atzala,3,137
Puebla,Atzitzihuacán,1,39
Puebla,Axutla,1,23
Puebla,Chietla,8,365
Puebla,Chila de La Sal,1,31
Puebla,Chinantla,6,231
Puebla,Coatzingo,1,50
Puebla,Cohuecan,0,2
Puebla,Cuayuca de Andrade,28,1078
Puebla,Epatlán,4,180
Puebla,Huehuetlán El Grande,3,135
Puebla,Izúcar de Matamoros,56,2534
Puebla,San Diego La Mesa Tochimiltzingo,4,167
Puebla,San Martín Totoltepec,5,234
Puebla,San Pablo Anicano,2,82
Puebla,Tecomatlán,1,35
Puebla,Tehuitzingo,1,38
Puebla,Teopantlán,3,122
Puebla,Tepemaxalco,0,6
Puebla,Tepeojuma,6,244
Puebla,Tepexco,0,12
Puebla,Tilapa,0,2
Puebla,Tlapanalá,0,19
Puebla,Tulcingo,1,39
Puebla,Xicotlán,7,266
Puebla,Xochiltepec,3,140
Puebla,Aljojuca,14,580
Puebla,Chalchicomula de Sesma,90,3656
Puebla,Chichiquila,25,1025
Puebla,Chilchotla,27,1082
Puebla,Cuyoaco,6,174
Puebla,Esperanza,41,1723
Puebla,Guadalupe Victoria,24,954
Puebla,Lafragua,15,605
Puebla,Libres,6,182
Puebla,Nopalucan,4,135
Puebla,Ocotepec,2,74
Puebla,Oriental,4,118
Puebla,Quimixtlán,3,107
Puebla,Rafael Lara Grajales,2,69
Puebla,San José Chiapa,5,189
Puebla,San Nicolás Buenos Aires,21,869
Puebla,San Salvador El Seco,10,425
Puebla,Soltepec,7,293
Puebla,Tepeyahualco,27,959
Puebla,Tlachichuca,10,401
Puebla,Acatzingo,96,3976
Puebla,Atexcal,2,78
Puebla,Atoyatempan,8,337
Puebla,Chigmecatitlán,0,12
Puebla,Coyotepec,2,114
Puebla,Cuapiaxtla de Madero,7,283
Puebla,General Felipe Ángeles,24,1012
Puebla,Huatlatlauca,2,114
Puebla,Huitziltepec,15,617
Puebla,Ixcaquixtla,5,251
Puebla,Juan N. Méndez,3,153
Puebla,La Magdalena Tlatlauquitepec,1,25
Puebla,Los Reyes de Juárez,2,100
Puebla,Mixtla,2,80
Puebla,Molcaxac,6,265
Puebla,Palmar de Bravo,41,1700
Puebla,Quecholac,4,200
Puebla,San Juan Atzompa,1,26
Puebla,San Salvador Huixcolotla,6,264
Puebla,Santa Catarina Tlaltempan,1,29
Puebla,Santa Inés Ahuatempan,6,297
Puebla,Santo Tomás Hueyotlipan,5,217
Puebla,Tecamachalco,42,1775
Puebla,Tepanco de López,29,1223
Puebla,Tepexi de Rodríguez,11,508
Puebla,Tepeyahualco de Cuauhtémoc,8,342
Puebla,Tlacotepec de Benito Juárez,55,2331
Puebla,Tlanepantla,5,219
Puebla,Tochtepec,19,794
Puebla,Xochitlán Todos Santos,13,539
Puebla,Yehualtepec,16,687
Puebla,Zacapala,5,222
Puebla,Ajalpan,10,528
Puebla,Caltepec,6,312
Puebla,Chapulco,4,204
Puebla,Coxcatlán,9,449
Puebla,San Antonio Cañada,4,207
Puebla,San Gabriel Chilac,6,319
Puebla,San José Miahuatlán,6,312
Puebla,Santiago Miahuatlán,9,472
Puebla,Tehuacán,22,1130
Puebla,Zapotitlán,6,297
Puebla,Zinacatepec,6,301
Puebla,Acateno,13,544
Puebla,Atempan,32,1345
Puebla,Ayotoxco de Guerrero,14,598
Puebla,Cuetzalan del Progreso,40,1669
Puebla,Huehuetla,2,91
Puebla,Hueyapan,17,727
Puebla,Hueytamalco,2,76
Puebla,Hueytlalpan,5,207
Puebla,Huitzilan de Serdán,15,643
Puebla,Ixtepec,14,572
Puebla,Jonotla,34,1454
Puebla,Olintla,2,84
Puebla,Tenampulco,9,380
Puebla,Teziutlán,2,93
Puebla,Tlatlauquitepec,36,1548
Puebla,Tuzamapan de Galeana,2,63
Puebla,Xochiapulco,30,1261
Puebla,Xochitlán de Vicente Suárez,20,839
Puebla,Yaonáhuac,11,454
Puebla,Zacapoaxtla,25,1038
Puebla,Zapotitlán de Méndez,27,1120
Puebla,Zaragoza,30,1277
Puebla,Zautla,20,835
Puebla,Zongozotla,6,266
Puebla,Ahuacatlán,7,310
Puebla,Amixtlán,7,292
Puebla,Aquixtla,8,338
Puebla,Camocuautla,6,231
Puebla,Chignahuapan,28,1187
Puebla,Coatepec,4,143
Puebla,Cuautempan,7,284
Puebla,Ixtacamaxtitlán,9,355
Puebla,Tepango de Rodríguez,8,310
Puebla,Tepetzintla,9,375
Puebla,Tetela de Ocampo,7,302
Puebla,Zacatlán,25,1033
Querétaro,Cadereyta de Montes,0,16
Querétaro,Colón,16,717
Querétaro,Ezequiel Montes,2,78
Querétaro,Tolimán,2,111
Querétaro,Arroyo Seco,4,208
Querétaro,Jalpan de Serra,5,246
Querétaro,Landa de Matamoros,1,52
Querétaro,Pinal de Amoles,1,35
Querétaro,Corregidora,6,233
Querétaro,El Marqués,16,667
Querétaro,Huimilpan,9,359
Querétaro,Querétaro,46,1907
Querétaro,Pedro Escobedo,1,44
Querétaro,San Juan del Río,6,246
Quintana Roo,Isla Mujeres,1,56
Quintana Roo,Lázaro Cárdenas,110,3496
Quintana Roo,Puerto Morelos,7,278
Quintana Roo,Solidaridad,4,150
Quintana Roo,Tulum,233,8347
Quintana Roo,Bacalar,591,21917
Quintana Roo,Othón P. Blanco,312,10861
Quintana Roo,Felipe Carrillo Puerto,1510,54325
Quintana Roo,José María Morelos,862,33438
San Luis Potosí,Ciudad Fernández,5,284
San Luis Potosí,Rioverde,43,2098
San Luis Potosí,San Ciro de Acosta,3,156
San Luis Potosí,San Nicolás Tolentino,8,398
San Luis Potosí,Aquismón,8,430
San Luis Potosí,Axtla de Terrazas,4,204
San Luis Potosí,Ciudad Valles,57,2999
San Luis Potosí,Coxcatlán,7,394
San Luis Potosí,Huehuetlán,4,206
San Luis Potosí,Matlapa,10,515
San Luis Potosí,San Antonio,10,511
San Luis Potosí,San Martín Chalchicuautla,25,1261
San Luis Potosí,Tamazunchale,26,1321
San Luis Potosí,Tampacán,6,316
San Luis Potosí,Tampamolón Corona,47,2431
San Luis Potosí,Tancanhuitz,10,550
San Luis Potosí,Tanlajás,17,868
San Luis Potosí,Tanquián de Escobedo,10,515
San Luis Potosí,Xilitla,8,475
San Luis Potosí,Ebano,42,1942
San Luis Potosí,Tamuín,29,1353
San Luis Potosí,Catorce,3,163
San Luis Potosí,Charcas,4,225
San Luis Potosí,Matehuala,136,6283
San Luis Potosí,Vanegas,0,24
San Luis Potosí,Venado,47,2212
San Luis Potosí,Villa de Guadalupe,4,200
San Luis Potosí,Cerritos,82,3843
San Luis Potosí,Guadalcázar,8,422
San Luis Potosí,Lagunillas,0,20
San Luis Potosí,Rioverde,10,514
San Luis Potosí,Santa Catarina,3,136
San Luis Potosí,Villa Juárez,2,119
San Luis Potosí,Ahualulco,38,1751
San Luis Potosí,Armadillo de Los Infante,32,1463
San Luis Potosí,Cerro de San Pedro,3,140
San Luis Potosí,Mexquitic de Carmona,23,1092
San Luis Potosí,Moctezuma,4,225
San Luis Potosí,San Luis Potosí,55,2473
San Luis Potosí,Santa María del Río,7,313
San Luis Potosí,Soledad de Graciano Sánchez,19,878
San Luis Potosí,Tierra Nueva,5,259
San Luis Potosí,Villa de Arista,7,337
San Luis Potosí,Villa de Arriaga,56,2558
San Luis Potosí,Villa de Reyes,9,449
San Luis Potosí,Villa Hidalgo,228,10507
San Luis Potosí,Zaragoza,4,194
Sinaloa,Badiraguato,1,53
Sinaloa,Culiacán,31,1374
Sinaloa,Mocorito,2,106
Sinaloa,Navolato,22,973
Sinaloa,Angostura,1,29
Sinaloa,Mocorito,1,28
Sinaloa,Salvador Alvarado,0,16
Sinaloa,Guasave,1,68
Sinaloa,Sinaloa,0,9
Sinaloa,Cosalá,2,138
Sinaloa,Elota,1,73
Sinaloa,San Ignacio,2,92
Sinaloa,Ahome,57,2450
Sinaloa,Choix,9,379
Sinaloa,El Fuerte,33,1421
Sinaloa,Guasave,5,210
Sinaloa,Escuinapa,2,88
Sinaloa,Mazatlán,2,113
Sinaloa,Rosario,16,667
Sonora,Altar,0,5
Sonora,Caborca,10,488
Sonora,Pitiquito,8,398
Sonora,Empalme,1,50
Sonora,Guaymas,1,50
Sonora,Carbó,3,177
Sonora,Hermosillo,221,10154
Sonora,San Miguel de Horcasitas,2,106
Sonora,La Colorada,12,577
Sonora,Mazatán,2,110
Sonora,San Pedro de La Cueva,31,1504
Sonora,Alamos,66,3115
Sonora,Etchojoa,11,542
Sonora,Huatabampo,72,3411
Sonora,Navojoa,21,1031
Sonora,San Luis Río Colorado,6,288
Sonora,Aconchi,2,100
Sonora,Arizpe,1,39
Sonora,Baviácora,4,220
Sonora,Huépac,1,27
Sonora,Rayón,6,276
Sonora,Ures,48,2259
Tabasco,Cárdenas,13,653
Tabasco,Comalcalco,20,895
Tabasco,Cunduacán,22,966
Tabasco,Huimanguillo,88,3781
Tabasco,Jalpa de Méndez,14,710
Tabasco,Nacajuca,5,259
Tabasco,Paraíso,21,1046
Tabasco,Balancán,29,1372
Tabasco,Emiliano Zapata,3,170
Tabasco,Jonuta,6,298
Tabasco,Tenosique,41,1855
Tabasco,Centla,26,1127
Tabasco,Centro,12,502
Tabasco,Jalapa,1,69
Tabasco,Macuspana,9,430
Tabasco,Tacotalpa,78,3336
Tabasco,Teapa,2,105
Tamaulipas,Abasolo,6,327
Tamaulipas,Soto La Marina,24,1362
Tamaulipas,Aldama,49,2210
Tamaulipas,Altamira,18,977
Tamaulipas,González,26,1207
Tamaulipas,Jaumave,6,323
Tamaulipas,Tula,2,90
Tamaulipas,Antiguo Morelos,8,407
Tamaulipas,El Mante,27,1335
Tamaulipas,Gómez Farías,2,94
Tamaulipas,González,2,92
Tamaulipas,Nuevo Morelos,15,730
Tamaulipas,Ocampo,23,1177
Tamaulipas,Xicoténcatl,3,131
Tamaulipas,Casas,3,137
Tamaulipas,Güémez,63,3045
Tamaulipas,Hidalgo,26,1409
Tamaulipas,Llera,293,13834
Tamaulipas,Mainero,37,2158
Tamaulipas,Padilla,75,4061
Tamaulipas,San Carlos,15,805
Tamaulipas,San Nicolás,17,1028
Tamaulipas,Victoria,65,3035
Tamaulipas,Villagrán,53,2971
Tlaxcala,Apizaco,24,1014
Tlaxcala,Atlangatepec,11,482
Tlaxcala,Benito Juárez,64,2701
Tlaxcala,Calpulalpan,16,673
Tlaxcala,Españita,16,684
Tlaxcala,Hueyotlipan,10,436
Tlaxcala,Muñoz de Domingo Arenas,4,188
Tlaxcala,Nanacamilpa de Mariano Arista,42,1775
Tlaxcala,Sanctórum de Lázaro Cárdenas,18,746
Tlaxcala,Tetla de La Solidaridad,6,249
Tlaxcala,Tlaxco,14,597
Tlaxcala,Atltzayanca,52,2238
Tlaxcala,Cuapiaxtla,47,2019
Tlaxcala,El Carmen Tequexquitla,13,567
Tlaxcala,Emiliano Zapata,0,12
Tlaxcala,Huamantla,153,6499
Tlaxcala,Ixtenco,16,666
Tlaxcala,Lázaro Cárdenas,1,24
Tlaxcala,San José Teacalco,14,601
Tlaxcala,Terrenate,22,960
Tlaxcala,Tocatlán,1,56
Tlaxcala,Tzompantepec,53,2301
Tlaxcala,Xaloztoc,60,2624
Tlaxcala,Ziltlaltépec de Trinidad Sánchez Santos,88,3747
Tlaxcala,Acuamanala de Miguel Hidalgo,1,57
Tlaxcala,Amaxac de Guerrero,3,131
Tlaxcala,Apetatitlán de Antonio Carvajal,5,251
Tlaxcala,Chiautempan,15,689
Tlaxcala,Contla de Juan Cuamatzi,10,469
Tlaxcala,Cuaxomulco,8,415
Tlaxcala,Ixtacuixtla de Mariano Matamoros,30,1368
Tlaxcala,La Magdalena Tlaltelulco,35,1475
Tlaxcala,Mazatecochco de José María Morelos,2,106
Tlaxcala,Natívitas,14,642
Tlaxcala,Panotla,4,218
Tlaxcala,Papalotla de Xicohténcatl,48,2030
Tlaxcala,San Damián Texóloc,4,200
Tlaxcala,San Francisco Tetlanohcan,8,367
Tlaxcala,San Jerónimo Zacualpan,2,106
Tlaxcala,San Lorenzo Axocomanitla,7,359
Tlaxcala,San Lucas Tecopilco,2,113
Tlaxcala,Santa Ana Nopalucan,4,204
Tlaxcala,Santa Apolonia Teacalco,2,125
Tlaxcala,Santa Catarina Ayometla,2,120
Tlaxcala,Santa Cruz Tlaxcala,9,423
Tlaxcala,Teolocholco,3,153
Tlaxcala,Tepetitla de Lardizábal,25,1134
Tlaxcala,Tepeyanco,19,855
Tlaxcala,Tetlatlahuca,3,159
Tlaxcala,Tlaxcala,2,104
Tlaxcala,Totolac,7,354
Tlaxcala,Xaltocan,4,217
Tlaxcala,Xicohtzinco,2,125
Tlaxcala,Yauhquemehcan,6,291
Tlaxcala,Zacatelco,2,105
Veracruz,Uxpanapa,21,1136
Veracruz,Tierra Blanca,55,2261
Veracruz,Altotonga,34,1797
Veracruz,Apazapan,1,50
Veracruz,Ayahualulco,21,1118
Veracruz,Coatepec,537,22125
Veracruz,Cosautlán de Carvajal,112,4605
Veracruz,Emiliano Zapata,70,2869
Veracruz,Ixhuacán de Los Reyes,42,1770
Veracruz,Jalacingo,26,1349
Veracruz,Las Vigas de Ramírez,11,569
Veracruz,Perote,33,1722
Veracruz,Teocelo,118,4885
Veracruz,Xalapa,10,435
Veracruz,Xico,56,2344
Veracruz,Amatlán de Los Reyes,121,5900
Veracruz,Atoyac,17,949
Veracruz,Carrillo Puerto,17,961
Veracruz,Coetzala,7,342
Veracruz,Comapa,24,1420
Veracruz,Córdoba,39,1898
Veracruz,Coscomatepec,138,8107
Veracruz,Cuichapa,40,2064
Veracruz,Cuitláhuac,1,44
Veracruz,Fortín,7,342
Veracruz,Huatusco,61,3578
Veracruz,Ixhuatlán del Café,10,609
Veracruz,Ixtaczoquitlán,8,410
Veracruz,Los Reyes,2,147
Veracruz,Omealca,68,3500
Veracruz,Paso del Macho,11,632
Veracruz,Tehuipango,0,15
Veracruz,Tepatlaxco,4,243
Veracruz,Tequila,5,283
Veracruz,Tezonapa,74,3769
Veracruz,Tlaltetela,18,1039
Veracruz,Tomatlán,1,60
Veracruz,Totutla,10,611
Veracruz,Yanga,3,172
Veracruz,Zentla,17,1018
Veracruz,Zongolica,11,671
Veracruz,Ilamatlán,2,65
Veracruz,Ixhuatlán de Madero,6,254
Veracruz,Texcatepec,2,86
Veracruz,Tlachichilco,23,1219
Veracruz,Zontecomatlán de López Y Fuentes,10,383
Veracruz,Acayucan,11,466
Veracruz,Chinameca,4,175
Veracruz,Hueyapan de Ocampo,2,85
Veracruz,Jáltipan,10,432
Veracruz,Jesús Carranza,2,75
Veracruz,Mecayapan,8,325
Veracruz,Oluta,3,121
Veracruz,Oteapan,1,51
Veracruz,Pajapan,2,79
Veracruz,San Juan Evangelista,1,55
Veracruz,Sayula de Alemán,3,115
Veracruz,Soconusco,8,327
Veracruz,Soteapan,3,105
Veracruz,Tatahuicapan de Juárez,1,45
Veracruz,Texistepec,2,87
Veracruz,Actopan,3,186
Veracruz,Alto Lucero de Gutiérrez Barrios,4,226
Veracruz,La Antigua,2,91
Veracruz,Paso de Ovejas,2,123
Veracruz,Puente Nacional,39,2690
Veracruz,Ursulo Galván,4,249
Veracruz,Atzalan,68,2748
Veracruz,Chumatlán,8,374
Veracruz,Coahuitlán,2,126
Veracruz,Colipa,43,1898
Veracruz,Coxquihui,14,730
Veracruz,Coyutla,43,1905
Veracruz,Espinal,29,1315
Veracruz,Filomeno Mata,9,411
Veracruz,Gutiérrez Zamora,27,1083
Veracruz,Juchique de Ferrer,45,1982
Veracruz,Martínez de La Torre,88,3567
Veracruz,Mecatlán,5,230
Veracruz,Misantla,92,4075
Veracruz,Nautla,65,2822
Veracruz,Papantla,387,14542
Veracruz,San Rafael,124,4918
Veracruz,Tecolutla,68,2758
Veracruz,Tenochtitlán,13,616
Veracruz,Tlapacoyan,150,5966
Veracruz,Vega de Alatorre,76,3351
Veracruz,Yecuatla,59,2573
Veracruz,Zozocolco de Hidalgo,3,153
Veracruz,Benito Juárez,2,127
Veracruz,Chalma,12,615
Veracruz,Chiconamel,8,394
Veracruz,Chicontepec,150,7497
Veracruz,Chinampa de Gorostiza,3,158
Veracruz,Citlaltépetl,1,40
Veracruz,Ozuluama de Mascareñas,16,818
Veracruz,Pánuco,76,3790
Veracruz,Platón Sánchez,1,71
Veracruz,Tamalín,5,237
Veracruz,Tampico Alto,7,347
Veracruz,Tantima,17,869
Veracruz,Tantoyuca,25,1255
Veracruz,Tempoal,5,271
Veracruz,Álamo Temapache,200,8392
Veracruz,Castillo de Teayo,39,1733
Veracruz,Cazones de Herrera,3,184
Veracruz,Cerro Azul,21,926
Veracruz,Coatzintla,2,99
Veracruz,Tamiahua,29,1013
Veracruz,Tihuatlán,61,2678
Veracruz,Tuxpan,158,5522
Veracruz,Alvarado,56,2347
Veracruz,Boca del Río,7,287
Veracruz,Camarón de Tejeda,43,1780
Veracruz,Cotaxtla,26,1065
Veracruz,Ignacio de La Llave,9,390
Veracruz,Jamapa,16,669
Veracruz,Manlio Fabio Altamirano,12,494
Veracruz,Medellín,22,935
Veracruz,Soledad de Doblado,330,13548
Veracruz,Tlalixcoyan,15,607
Veracruz,Veracruz,26,1074
Yucatán,Abalá,73,2837
Yucatán,Acanceh,61,2320
Yucatán,Baca,56,2217
Yucatán,Bokobá,50,1827
Yucatán,Cacalchén,42,1522
Yucatán,Cansahcab,65,2658
Yucatán,Celestún,4,123
Yucatán,Chicxulub Pueblo,22,887
Yucatán,Chocholá,95,3739
Yucatán,Conkal,22,879
Yucatán,Cuzamá,70,2749
Yucatán,Dzemul,34,1329
Yucatán,Dzidzantún,68,2718
Yucatán,Dzilam de Bravo,16,558
Yucatán,Dzilam González,29,1222
Yucatán,Dzoncauich,22,915
Yucatán,Halachó,406,15827
Yucatán,Hocabá,140,5501
Yucatán,Hoctún,73,2661
Yucatán,Homún,139,5391
Yucatán,Huhí,91,3573
Yucatán,Hunucmá,233,9260
Yucatán,Ixil,18,680
Yucatán,Izamal,317,12349
Yucatán,Kanasín,33,1262
Yucatán,Kantunil,117,4294
Yucatán,Kinchil,204,8036
Yucatán,Kopomá,43,1573
Yucatán,Maxcanú,307,11808
Yucatán,Mérida,212,8467
Yucatán,Mocochá,24,943
Yucatán,Motul,124,5003
Yucatán,Muxupip,22,840
Yucatán,Opichén,197,7344
Yucatán,Progreso,9,362
Yucatán,Samahil,77,2759
Yucatán,Sanahcat,27,1362
Yucatán,Seyé,59,2412
Yucatán,Sinanché,24,922
Yucatán,Sudzal,64,2323
Yucatán,Suma,36,1528
Yucatán,Tahmek,90,3323
Yucatán,Tecoh,106,5155
Yucatán,Tekal de Venegas,109,3987
Yucatán,Tekantó,28,1030
Yucatán,Tekit,149,5758
Yucatán,Telchac Pueblo,13,413
Yucatán,Temax,58,2345
Yucatán,Tepakán,111,4096
Yucatán,Tetiz,94,3392
Yucatán,Teya,32,1141
Yucatán,Timucuy,57,2160
Yucatán,Tixkokob,93,3713
Yucatán,Tixpéhual,32,1230
Yucatán,Ucú,21,603
Yucatán,Umán,136,5379
Yucatán,Xocchel,35,1230
Yucatán,Yaxkukul,29,1144
Yucatán,Yobaín,7,265
Yucatán,Akil,100,3822
Yucatán,Chacsinkín,71,2730
Yucatán,Chapab,77,2876
Yucatán,Chumayel,106,3968
Yucatán,Dzán,22,846
Yucatán,Mama,211,8041
Yucatán,Maní,27,1019
Yucatán,Muna,211,7883
Yucatán,Oxkutzcab,435,16961
Yucatán,Peto,163,6144
Yucatán,Sacalum,124,4676
Yucatán,Santa Elena,211,7849
Yucatán,Tahdziú,109,4209
Yucatán,Teabo,96,3713
Yucatán,Tekax,503,19609
Yucatán,Ticul,214,8195
Yucatán,Tixmehuac,106,4040
Yucatán,Tzucacab,229,8602
Yucatán,Buctzotz,43,1549
Yucatán,Calotmul,105,3868
Yucatán,Cenotillo,41,1462
Yucatán,Dzitás,62,2199
Yucatán,Espita,133,4723
Yucatán,Panabá,19,667
Yucatán,Quintana Roo,23,801
Yucatán,Río Lagartos,6,221
Yucatán,Sucilá,82,2922
Yucatán,Temozón,155,5738
Yucatán,Tizimín,962,36556
Yucatán,Tunkás,112,3968
Yucatán,Cantamayec,116,4261
Yucatán,Chankom,181,6917
Yucatán,Chemax,177,6738
Yucatán,Chichimilá,77,2923
Yucatán,Chikindzonot,212,8189
Yucatán,Cuncunul,37,1391
Yucatán,Kaua,43,1672
Yucatán,Mayapán,110,4079
Yucatán,Sotuta,200,7396
Yucatán,Tekom,46,1794
Yucatán,Tinum,120,4727
Yucatán,Tixcacalcupul,110,4236
Yucatán,Uayma,57,2223
Yucatán,Valladolid,240,9362
Yucatán,Yaxcabá,177,6547
Zacatecas,Concepción del Oro,1,61
Zacatecas,El Salvador,0,20
Zacatecas,Mazapil,2,73
Zacatecas,Melchor Ocampo,0,11
Zacatecas,Fresnillo,211,9253
Zacatecas,Valparaíso,21,923
Zacatecas,Apozol,15,650
Zacatecas,Apulco,16,688
Zacatecas,Huanusco,9,399
Zacatecas,Jalpa,46,2019
Zacatecas,Juchipila,29,1274
Zacatecas,Mezquital del Oro,11,502
Zacatecas,Moyahua de Estrada,28,1240
Zacatecas,Nochistlán de Mejía,26,1155
Zacatecas,Tabasco,36,1586
Zacatecas,Jerez,29,1240
Zacatecas,Monte Escobedo,1,54
Zacatecas,Susticacán,1,34
Zacatecas,Tepetongo,0,14
Zacatecas,Villanueva,27,1113
Zacatecas,Cuauhtémoc,21,964
Zacatecas,Genaro Codina,15,693
Zacatecas,General Pánfilo Natera,34,1508
Zacatecas,Loreto,32,1443
Zacatecas,Luis Moya,51,2273
Zacatecas,Noria de Ángeles,24,1092
Zacatecas,Ojocaliente,98,4279
Zacatecas,Pinos,53,2318
Zacatecas,Villa García,34,1507
Zacatecas,Villa González Ortega,31,1334
Zacatecas,Villa Hidalgo,21,961
Zacatecas,Chalchihuites,8,383
Zacatecas,General Francisco R. Murguía,3,147
Zacatecas,Jiménez del Teul,3,145
Zacatecas,Juan Aldama,38,1643
Zacatecas,Miguel Auza,57,2448
Zacatecas,Río Grande,91,3915
Zacatecas,Sain Alto,3,153
Zacatecas,Sombrerete,43,1989
Zacatecas,Momax,6,279
Zacatecas,Tepechitlán,20,930
Zacatecas,Teúl de González Ortega,4,186
Zacatecas,Tlaltenango de Sánchez Román,8,372
Zacatecas,Trinidad García de La Cadena,20,930
Zacatecas,Calera,26,1111
Zacatecas,General Enrique Estrada,9,393
Zacatecas,Guadalupe,313,13779
Zacatecas,Morelos,20,880
Zacatecas,Pánuco,6,259
Zacatecas,Trancoso,30,1337
Zacatecas,Vetagrande,7,317
Zacatecas,Villa de Cos,19,811
Zacatecas,Zacatecas,151,6537
